orderPublicId,platformPublicId,customerName,customerEmail,destinationCountryCode,destinationCountry,orderStatus,createdAt,paidAt,shippedAt,lastMileAvailableAt,shippingService,trackNumberMasked,lastMileCarrier,lastMileTrackingMasked,infoReceivedAt,inTransitAt,outForDeliveryAt,deliveredAt,failedAttemptAt,exceptionAt,expiredAt,availableForPickupAt
297b2cc5e3c97637,cfa0815d2161,Olivia Thompson,olivia.thompson+adf9@example.com,GB,United Kingdom,2,2025-08-11 18:10:26,2025-08-02 03:01:52,2025-08-11 18:10:51,2025-08-11 10:11:27,Standard Delivery - UK - Royal Mail (5-8 business days),IT7XXXXXXX6GB,,,2025-08-02 07:01:52,2025-08-03 19:01:52,2025-08-05 15:01:52,2025-08-07 18:01:52,,,,
39c8ba42de3f461d,d99dcffd5bc8,Sophia Smith,sophia.smith+a8c9@example.com,GB,United Kingdom,2,2025-08-11 17:00:25,2025-08-08 15:47:27,2025-08-11 17:00:43,2025-08-11 09:01:26,Shipping,IT7XXXXXXX2GB,,,2025-08-09 01:47:27,2025-08-09 20:47:27,2025-08-12 03:47:27,2025-08-14 13:47:27,,,,
017f0437de6ed900,cbbe1793b0b8,Benjamin Jackson,benjamin.jackson+def4@example.com,BE,Belgium,2,2025-08-11 17:00:07,2025-08-09 11:58:23,2025-08-11 17:00:44,,UPS Secured Shipping,YT2XXXXXXXXXXXX905,,,2025-08-09 17:58:23,2025-08-10 19:58:23,2025-08-13 10:58:23,2025-08-16 10:58:23,,,,
80bef21960f9027e,c78719d1e4c7,Emma Lee,emma.lee+41d9@example.com,AU,Australia,2,2025-08-11 16:59:54,2025-08-09 18:25:27,2025-08-11 17:00:45,,Shipping,UK3XXXXXXX4YP,,,2025-08-10 10:25:27,2025-08-10 22:25:27,2025-08-13 15:25:27,2025-08-13 20:25:27,,,,
643153168bac2274,f1ddcac41b93,Noah Martinez,noah.martinez+2464@example.com,QA,Qatar,2,2025-08-11 16:59:41,2025-08-10 00:39:21,2025-08-11 17:00:44,,UPS Secured Shipping,YT2XXXXXXXXXXXX863,,,2025-08-10 23:39:21,2025-08-11 09:39:21,2025-08-13 09:39:21,2025-08-15 22:39:21,,,,2025-08-13 17:39:21
09177b239c72ddd8,75aa77f7a7db,Noah Anderson,noah.anderson+7ee6@example.com,QA,Qatar,2,2025-08-11 16:46:35,2025-08-08 22:18:03,2025-08-11 16:57:41,,UPS Secured Shipping,YT2XXXXXXXXXXXX174,,,2025-08-09 17:18:03,2025-08-10 00:18:03,2025-08-12 09:18:03,2025-08-14 19:18:03,,,,
ae4632c7c637df17,0045c89d588a,Emma Martin,emma.martin+202f@example.com,US,United States,2,2025-08-11 16:46:21,2025-08-10 02:23:45,2025-08-11 16:50:46,,UPS Secured Shipping,YT2XXXXXXXXXXXX196,,,2025-08-11 01:23:45,2025-08-12 19:23:45,2025-08-13 17:23:45,2025-08-14 14:23:45,2025-08-12 20:23:45,,,
adaa621d7d387d6b,5787e66a8c0f,Michael Martin,michael.martin+40de@example.com,ES,Spain,2,2025-08-11 16:46:10,2025-08-09 17:07:16,2025-08-11 16:55:27,,UPS Secured Shipping,VR7XXXXXXX5YP,,,2025-08-10 15:07:16,2025-08-11 02:07:16,2025-08-13 13:07:16,2025-08-14 05:07:16,,,,
4fb9be2390d9bb78,779bb356cb4e,James Lee,james.lee+04b6@example.com,US,United States,2,2025-08-11 16:45:51,2025-08-10 02:23:45,2025-08-11 16:50:47,,UPS Secured Shipping,YT2XXXXXXXXXXXX212,,,2025-08-10 04:23:45,2025-08-12 13:23:45,2025-08-13 12:23:45,2025-08-16 17:23:45,,2025-08-12 05:23:45,,
2596a8c0112b0046,fc1d78ef42cd,Lucas Johnson,lucas.johnson+d823@example.com,IT,Italy,2,2025-08-11 16:45:39,2025-08-10 14:25:58,2025-08-11 16:50:47,,UPS Secured Shipping,YT2XXXXXXXXXXXX238,,,2025-08-11 11:25:58,2025-08-12 17:25:58,2025-08-13 19:25:58,2025-08-14 23:25:58,,,,
815c8484c1d8d03f,7a9d19c2e37c,Emma Thomas,emma.thomas+cfcb@example.com,US,United States,2,2025-08-11 16:45:30,2025-08-11 06:48:40,2025-08-11 16:50:48,,UPS Secured Shipping,YT2XXXXXXXXXXXX485,,,2025-08-11 14:48:40,2025-08-13 14:48:40,2025-08-14 18:48:40,2025-08-16 17:48:40,,,,
8ae1277cbb0c3d17,0ee764fcbb04,Noah Smith,noah.smith+1ba8@example.com,SE,Sweden,2,2025-08-11 16:45:12,2025-08-11 08:03:53,2025-08-11 16:50:22,2025-08-11 09:51:31,UPS Secured Shipping,003XXXXXXXXXXXXXX801,,,2025-08-11 13:03:53,2025-08-13 07:03:53,2025-08-14 09:03:53,2025-08-18 03:03:53,,,,
8c7742302323c9d0,a2edc4d4a215,Ava Thompson,ava.thompson+0f69@example.com,DK,Denmark,2,2025-08-11 16:45:05,2025-07-31 11:43:27,2025-08-11 16:45:25,,Free International Shipping,YT2XXXXXXXXXXXX610,,,2025-08-01 10:43:27,2025-08-02 19:43:27,2025-08-04 02:43:27,2025-08-05 06:43:27,2025-08-03 09:43:27,,,
e597faf6e963d337,37e061e93797,Isabella Hall,isabella.hall+4a66@example.com,US,United States,2,2025-08-11 16:45:04,2025-08-10 02:23:45,2025-08-11 16:50:48,,UPS Secured Shipping,YT2XXXXXXXXXXXX535,,,2025-08-10 08:23:45,2025-08-12 02:23:45,2025-08-13 16:23:45,2025-08-15 18:23:45,,,,2025-08-13 21:23:45
ce3510ca120c7578,687d92c083e0,Michael Martin,michael.martin+94b5@example.com,AU,Australia,2,2025-08-11 16:26:24,2025-08-11 09:47:59,2025-08-11 16:48:10,2025-08-11 09:51:00,Australia Post (Secured Shipping),34YXXXXXXXXXXXXXXXXX004,,,2025-08-12 00:47:59,2025-08-13 04:47:59,2025-08-14 10:47:59,2025-08-17 22:47:59,,,,
f0b3f0fde8785ca7,cd3301308d32,Michael Thomas,michael.thomas+5b01@example.com,US,United States,2,2025-08-11 16:18:25,2025-08-11 09:53:43,2025-08-11 17:01:27,,Worldwide Standard Shipping – Tracked & Insured,YT2XXXXXXXXXXXX690,,,2025-08-11 09:53:43,2025-08-13 16:53:43,2025-08-14 23:53:43,2025-08-16 07:53:43,2025-08-14 04:53:43,,,
31b7a381c89d4eed,2d8b68646477,Noah Smith,noah.smith+582c@example.com,IE,Ireland,3,2025-08-11 16:07:32,2025-08-11 03:36:19,2025-08-11 16:48:20,,Standard Shipping,YT2XXXXXXXXXXXX029,,,2025-08-11 21:36:19,2025-08-12 03:36:19,2025-08-14 14:36:19,2025-08-16 13:36:19,,,,2025-08-14 20:36:19
e2cec3dc9b44365c,cc78933b4a68,Amelia Martinez,amelia.martinez+009f@example.com,DE,Germany,2,2025-08-11 16:04:16,2025-07-23 14:29:41,2025-08-11 16:04:36,,Deutsche Post DHL,YT2XXXXXXXXXXXX280,,,2025-07-23 15:29:41,2025-07-24 21:29:41,2025-07-26 16:29:41,2025-07-29 18:29:41,,,,
fbf73fcb5975ecb2,ae5dbb0de7f2,Noah Lewis,noah.lewis+9b96@example.com,GB,United Kingdom,2,2025-08-11 15:38:25,2025-08-11 09:23:18,2025-08-11 17:01:20,2025-08-11 09:01:41,Worldwide Standard Shipping – Tracked & Insured,IT7XXXXXXX0GB,,,2025-08-12 04:23:18,2025-08-14 06:23:18,2025-08-15 00:23:18,2025-08-16 19:23:18,2025-08-13 07:23:18,,,
4ea0ce0cd4142a3c,d86b8c22b9de,Liam Garcia,liam.garcia+d9fc@example.com,US,United States,2,2025-08-11 15:23:13,2025-08-09 11:06:24,2025-08-11 15:23:50,,Standard Delivery - US - USPS (5-8 business days),1STXXXXXXXX617,,,2025-08-10 05:06:24,2025-08-10 19:06:24,2025-08-12 22:06:24,2025-08-15 06:06:24,2025-08-11 09:06:24,,,
db5d468ea3ed96d6,cbf7b7af5465,Henry Martinez,henry.martinez+1c2c@example.com,US,United States,2,2025-08-11 15:21:28,2025-08-10 17:51:48,2025-08-11 15:21:56,,Standard Delivery - US - USPS (5-8 business days),1STXXXXXXXX946,,,2025-08-11 08:51:48,2025-08-13 05:51:48,2025-08-14 16:51:48,2025-08-17 10:51:48,,,,
5274d73f910761b6,933cd8d8edfb,Charlotte Rodriguez,charlotte.rodriguez+d2df@example.com,US,United States,2,2025-08-11 15:21:22,2025-08-10 12:11:21,2025-08-11 15:21:57,,Standard Delivery - US - USPS (5-8 business days),1STXXXXXXXX737,,,2025-08-11 02:11:21,2025-08-12 07:11:21,2025-08-13 22:11:21,2025-08-15 09:11:21,,,,
93ebde0a80c99f33,20e556ddc23f,James Johnson,james.johnson+8e31@example.com,US,United States,2,2025-08-11 15:21:16,2025-08-10 11:30:25,2025-08-11 15:21:57,,Standard Delivery - US - USPS (5-8 business days),1STXXXXXXXX639,,,2025-08-11 05:30:25,2025-08-12 14:30:25,2025-08-13 13:30:25,2025-08-14 19:30:25,,,,
6d0dc10ce1a433b1,3647b450e62a,Mia White,mia.white+df9c@example.com,US,United States,2,2025-08-11 15:21:04,2025-08-10 11:19:45,2025-08-11 15:21:58,,Standard Delivery - US - USPS (5-8 business days),1STXXXXXXXX998,,,2025-08-10 20:19:45,2025-08-12 18:19:45,2025-08-14 00:19:45,2025-08-16 07:19:45,,,,
3a60fc7c0c065a8f,01bea41eb598,Henry Martinez,henry.martinez+2c9c@example.com,US,United States,2,2025-08-11 15:20:52,2025-08-09 18:28:23,2025-08-11 15:21:58,,Shipping,1STXXXXXXXX691,,,2025-08-10 09:28:23,2025-08-11 07:28:23,2025-08-13 16:28:23,2025-08-14 20:28:23,,,,
3effeb42c0adfc97,e188388ace66,Daniel Martinez,daniel.martinez+fa14@example.com,US,United States,2,2025-08-11 15:20:45,2025-08-09 12:34:38,2025-08-11 15:21:59,,Standard Delivery - US - USPS (5-8 business days),1STXXXXXXXX638,,,2025-08-10 04:34:38,2025-08-12 08:34:38,2025-08-12 18:34:38,2025-08-16 10:34:38,,,,
7552f36248fd989f,e2b44c7a509a,Liam White,liam.white+3ad2@example.com,GB,United Kingdom,2,2025-08-11 15:20:40,2025-08-09 05:38:19,2025-08-11 15:22:50,,Standard Delivery - UK - Royal Mail (5-8 business days),1STXXXXXXXX887,,,2025-08-10 02:38:19,2025-08-11 16:38:19,2025-08-12 12:38:19,2025-08-15 09:38:19,,,,
ec9e0bef00ff903a,13ed8a124332,Isabella Garcia,isabella.garcia+38ae@example.com,IL,Israel,3,2025-08-11 15:06:49,2025-08-09 10:09:49,2025-08-11 15:07:14,,Free Shipping,YT2XXXXXXXXXXXX068,,,2025-08-10 09:09:49,2025-08-12 04:09:49,2025-08-13 08:09:49,2025-08-14 08:09:49,,,,
ddeac83d0ce16754,b4a6779426e9,Emma Lee,emma.lee+be22@example.com,GB,United Kingdom,2,2025-08-11 15:06:29,2025-08-11 09:02:40,2025-08-11 16:37:28,2025-08-11 08:41:39,Royal Mail Secured Shipping,IT7XXXXXXX1GB,,,2025-08-11 14:02:40,2025-08-13 14:02:40,2025-08-15 06:02:40,2025-08-15 11:02:40,,,,
470308e98b9af210,f60691264a71,Liam Garcia,liam.garcia+b059@example.com,CY,Cyprus,2,2025-08-11 15:05:02,2025-08-08 17:06:28,2025-08-11 15:07:39,,Free Shipping,YT2XXXXXXXXXXXX843,,,2025-08-09 15:06:28,2025-08-10 19:06:28,2025-08-11 23:06:28,2025-08-14 12:06:28,,,,
3a5f91bc1ab5cdeb,95c388e04984,Harper Jackson,harper.jackson+e315@example.com,AE,United Arab Emirates,2,2025-08-11 15:04:54,2025-08-09 09:38:58,2025-08-11 15:07:40,,Free shipping (6-9 Days),YT2XXXXXXXXXXXX148,,,2025-08-09 13:38:58,2025-08-12 02:38:58,2025-08-13 03:38:58,2025-08-15 00:38:58,,,,
86dfd32d4c1e8d1e,f69c98e55ca7,Liam Garcia,liam.garcia+21cc@example.com,CY,Cyprus,2,2025-08-11 15:02:02,2025-08-09 10:09:16,2025-08-11 15:07:40,,Free Shipping,YT2XXXXXXXXXXXX189,,,2025-08-09 13:09:16,2025-08-12 07:09:16,2025-08-13 09:09:16,2025-08-13 10:09:16,,,,
a5ab47e993d30ba9,429edd77b1b8,Ava Jackson,ava.jackson+b9bf@example.com,GB,United Kingdom,2,2025-08-11 15:01:23,2025-08-09 14:50:49,2025-08-11 15:06:12,,Free shipping - Delivery 5-8 days,IT7XXXXXXX6GB,,,2025-08-09 21:50:49,2025-08-11 21:50:49,2025-08-12 19:50:49,2025-08-15 08:50:49,,,,
7835d8f0dd99c2df,d9859e707082,Jack Robinson,jack.robinson+4948@example.com,CZ,Czech Republic,2,2025-08-11 15:00:18,2025-08-10 00:25:43,2025-08-11 15:03:32,,Free Shipping,4PXXXXXXXXXXXXX7CN,,,2025-08-10 18:25:43,2025-08-12 23:25:43,2025-08-13 16:25:43,2025-08-15 06:25:43,2025-08-12 00:25:43,,,2025-08-13 17:25:43
ccd32a2a48aeb397,c7b8178dc751,Emma Martin,emma.martin+142a@example.com,CA,Canada,2,2025-08-11 14:58:45,2025-08-08 17:44:56,2025-08-11 14:59:21,,Free Shipping,YT2XXXXXXXXXXXX666,,,2025-08-09 11:44:56,2025-08-11 00:44:56,2025-08-11 21:44:56,2025-08-14 12:44:56,,,,
42d43656736a25e0,436fe36f8bb7,Ava Jackson,ava.jackson+2a74@example.com,CA,Canada,2,2025-08-11 14:58:36,2025-08-08 17:44:56,2025-08-11 14:59:21,,Free Shipping,YT2XXXXXXXXXXXX120,,,2025-08-08 18:44:56,2025-08-11 10:44:56,2025-08-12 03:44:56,2025-08-13 17:44:56,2025-08-11 08:44:56,,,2025-08-13 01:44:56
ec00acd8c8bfa24f,57bc4f592a92,Harper Walker,harper.walker+8b1c@example.com,CA,Canada,2,2025-08-11 14:58:14,2025-08-09 15:16:10,2025-08-11 14:59:22,,Free Shipping,YT2XXXXXXXXXXXX153,,,2025-08-10 12:16:10,2025-08-11 15:16:10,2025-08-13 08:16:10,2025-08-15 09:16:10,,,,
a1f0e00478bef835,603e90824939,Olivia Brown,olivia.brown+43f2@example.com,MX,Mexico,2,2025-08-11 14:57:34,2025-08-10 12:40:03,2025-08-11 15:00:51,,Free Standard Shipping,YT2XXXXXXXXXXXX268,,,2025-08-11 04:40:03,2025-08-13 10:40:03,2025-08-14 06:40:03,2025-08-17 10:40:03,,,,
3fac4a442b71961c,788da99ddd37,Noah Harris,noah.harris+6ce9@example.com,CA,Canada,2,2025-08-11 14:50:30,2025-08-10 20:58:57,2025-08-11 15:41:46,2025-08-11 07:42:06,Standard Delivery - CA - Canada Post (5-8 business days),JY2XXXXXXXXXXXX548,,,2025-08-11 00:58:57,2025-08-11 21:58:57,2025-08-14 10:58:57,2025-08-15 21:58:57,2025-08-13 12:58:57,,,2025-08-15 03:58:57
451fa6c13b219b21,da105937dc94,Isabella Taylor,isabella.taylor+c990@example.com,US,United States,2,2025-08-11 14:50:19,2025-08-10 20:44:06,2025-08-11 15:43:11,,Standard Delivery - US - USPS (5-8 business days),YT2XXXXXXXXXXXX750,,,2025-08-11 11:44:06,2025-08-13 16:44:06,2025-08-14 10:44:06,2025-08-16 06:44:06,2025-08-12 22:44:06,,,
6eae17ee6b9110e4,22770fa78557,Benjamin Brown,benjamin.brown+10ea@example.com,CA,Canada,2,2025-08-11 14:50:09,2025-08-10 16:56:45,2025-08-11 15:44:43,2025-08-11 07:49:07,Standard Delivery - CA - Canada Post (5-8 business days),JY2XXXXXXXXXXXX931,,,2025-08-10 17:56:45,2025-08-12 11:56:45,2025-08-14 15:56:45,2025-08-15 09:56:45,,,,
c0c41839a2ce7cf1,60d475caa5da,Ethan Thompson,ethan.thompson+11a8@example.com,US,United States,2,2025-08-11 14:49:46,2025-08-10 12:02:42,2025-08-11 15:43:13,,Standard Delivery - US - USPS (5-8 business days),YT2XXXXXXXXXXXX974,,,2025-08-10 15:02:42,2025-08-12 05:02:42,2025-08-13 19:02:42,2025-08-16 21:02:42,,,,
ca3d6a5b6ac4a42a,f2412cc93671,Ava Clark,ava.clark+3fd0@example.com,US,United States,2,2025-08-11 14:49:27,2025-08-10 11:04:17,2025-08-11 15:43:10,,Standard Delivery - US - USPS (5-8 business days),YT2XXXXXXXXXXXX719,,,2025-08-11 00:04:17,2025-08-12 01:04:17,2025-08-13 16:04:17,2025-08-17 02:04:17,,,,
eb4ef827a13c256b,3f54aea82b79,Lucas Johnson,lucas.johnson+0f3c@example.com,US,United States,2,2025-08-11 14:49:17,2025-08-09 19:07:58,2025-08-11 15:43:13,,Standard Delivery - US - USPS (5-8 business days),YT2XXXXXXXXXXXX966,,,2025-08-10 08:07:58,2025-08-12 16:07:58,2025-08-13 18:07:58,2025-08-16 04:07:58,,,,
4658b6c4429b8ed7,1c3479402991,Michael Johnson,michael.johnson+335f@example.com,AE,United Arab Emirates,2,2025-08-11 14:48:59,2025-08-09 01:57:41,2025-08-11 15:07:41,,Free shipping (6-9 Days),YT2XXXXXXXXXXXX221,,,2025-08-09 07:57:41,2025-08-10 03:57:41,2025-08-12 21:57:41,2025-08-13 10:57:41,2025-08-11 14:57:41,,,
03d1a8275cc91fbb,c01d168e9e53,Michael Johnson,michael.johnson+d0ff@example.com,CA,Canada,2,2025-08-11 14:48:55,2025-08-09 17:47:24,2025-08-11 15:44:44,2025-08-11 07:49:07,Standard Delivery - CA - Canada Post (5-8 business days),JY2XXXXXXXXXXXX936,,,2025-08-09 19:47:24,2025-08-11 08:47:24,2025-08-12 23:47:24,2025-08-16 08:47:24,,,,
b82669ade0e96a65,d666d0c4ae01,Evelyn Taylor,evelyn.taylor+b375@example.com,US,United States,2,2025-08-11 14:48:30,2025-08-09 09:42:21,2025-08-11 15:43:10,,Standard Delivery - US - USPS (5-8 business days),YT2XXXXXXXXXXXX727,,,2025-08-10 05:42:21,2025-08-12 08:42:21,2025-08-12 19:42:21,2025-08-15 08:42:21,,,,
86e6db8c06ae02d6,7c2de2ea353c,Sophia Martinez,sophia.martinez+ef59@example.com,US,United States,2,2025-08-11 14:48:22,2025-08-09 09:22:13,2025-08-11 15:43:13,,Standard Delivery - US - USPS (5-8 business days),YT2XXXXXXXXXXXX958,,,2025-08-09 14:22:13,2025-08-11 05:22:13,2025-08-13 06:22:13,2025-08-16 08:22:13,,,,
de128aac1eeddaf2,e23da77a4ead,Ethan Jackson,ethan.jackson+450f@example.com,US,United States,2,2025-08-11 14:47:53,2025-08-09 08:31:13,2025-08-11 15:43:11,,Standard Delivery - US - USPS (5-8 business days),YT2XXXXXXXXXXXX743,,,2025-08-10 06:31:13,2025-08-10 15:31:13,2025-08-12 16:31:13,2025-08-15 13:31:13,,,,
38b3bdfe22a0dba1,4c4bfb367f52,James Thomas,james.thomas+1aee@example.com,GB,United Kingdom,2,2025-08-11 14:47:36,2025-08-09 01:25:41,2025-08-11 15:40:56,2025-08-11 07:41:34,Standard Delivery - UK - Royal Mail (5-8 business days),IT7XXXXXXX2GB,,,2025-08-09 13:25:41,2025-08-10 15:25:41,2025-08-12 15:25:41,2025-08-14 03:25:41,,,,
c66b500661a57459,6d27a640212e,Evelyn Taylor,evelyn.taylor+12bb@example.com,US,United States,2,2025-08-11 14:47:22,2025-08-09 01:18:32,2025-08-11 15:43:11,,Standard Delivery - US - USPS (5-8 business days),YT2XXXXXXXXXXXX768,,,2025-08-09 05:18:32,2025-08-10 05:18:32,2025-08-12 10:18:32,2025-08-14 07:18:32,,,,
2ef4275b384337f0,21a47b61d8d0,Henry Harris,henry.harris+b46d@example.com,GB,United Kingdom,2,2025-08-11 14:42:50,2025-08-09 12:35:40,2025-08-11 14:55:45,2025-08-11 06:56:23,Free shipping - Delivery 5-8 days,IT7XXXXXXX0GB,,,2025-08-09 12:35:40,2025-08-12 06:35:40,2025-08-12 15:35:40,2025-08-16 00:35:40,,,,
1bc75d4d59129078,e75cb52c88be,Jack Lee,jack.lee+019a@example.com,ES,Spain,2,2025-08-11 14:32:12,2025-08-09 05:17:30,2025-08-11 14:33:28,2025-08-11 07:25:56,Express shipping,296XXXXXXXXXXXX791,,,2025-08-09 05:17:30,2025-08-10 22:17:30,2025-08-12 21:17:30,2025-08-13 20:17:30,,,,
d62b6c48f9736c6a,bcb54fa9e3b2,Emma Lee,emma.lee+9d95@example.com,BE,Belgium,2,2025-08-11 14:31:51,2025-08-09 13:26:18,2025-08-11 14:33:29,2025-08-11 07:25:56,Free Express shipping,323XXXXXXXXXXXXXXXXXX030,,,2025-08-09 23:26:18,2025-08-11 14:26:18,2025-08-12 19:26:18,2025-08-13 21:26:18,,,,
9aabe44ca14aa83c,8ebe67247365,Emma Johnson,emma.johnson+f7f7@example.com,QA,Qatar,2,2025-08-11 14:31:37,2025-08-09 17:42:28,2025-08-11 14:33:43,,Express Shipping,YT2XXXXXXXXXXXX233,,,2025-08-10 14:42:28,2025-08-12 01:42:28,2025-08-12 22:42:28,2025-08-15 10:42:28,,,,
48c19b153e875c43,08ca5a5adfeb,Olivia Jackson,olivia.jackson+9f1a@example.com,NL,Netherlands,2,2025-08-11 14:31:27,2025-08-09 19:50:30,2025-08-11 14:33:29,2025-08-11 07:25:56,Free Express shipping,3SWXXXXXXXXX836,,,2025-08-10 02:50:30,2025-08-11 03:50:30,2025-08-13 05:50:30,2025-08-15 06:50:30,,,,2025-08-14 05:50:30
2c1ea91fab382adc,b5470c590f35,Isabella Hall,isabella.hall+4d12@example.com,DE,Germany,2,2025-08-11 14:31:07,2025-08-10 05:23:35,2025-08-11 14:33:29,2025-08-11 07:25:56,Free Express shipping,003XXXXXXXXXXXXXX377,,,2025-08-10 22:23:35,2025-08-11 08:23:35,2025-08-13 20:23:35,2025-08-15 20:23:35,,,,2025-08-14 01:23:35
3d70e4505fc1d0d1,5bb0d0863418,Jack Thomas,jack.thomas+ff1b@example.com,DE,Germany,2,2025-08-11 14:30:58,2025-08-10 05:23:35,2025-08-11 14:33:31,2025-08-11 07:25:56,Free Express shipping,003XXXXXXXXXXXXXX391,,,2025-08-10 21:23:35,2025-08-12 06:23:35,2025-08-13 19:23:35,2025-08-15 07:23:35,,,,
7ec8629c6c853bf8,2f894b9c98af,Charlotte Taylor,charlotte.taylor+f70c@example.com,NL,Netherlands,2,2025-08-11 14:30:48,2025-08-10 12:05:58,2025-08-11 14:33:31,2025-08-11 07:25:56,Free Express shipping,3SWXXXXXXXXX838,,,2025-08-10 19:05:58,2025-08-13 11:05:58,2025-08-13 21:05:58,2025-08-16 01:05:58,,,,2025-08-14 16:05:58
f5b653665beeb70c,c7d969a5eee7,Noah Harris,noah.harris+cce0@example.com,NL,Netherlands,2,2025-08-11 14:30:42,2025-08-10 12:05:58,2025-08-11 14:33:31,2025-08-11 07:25:56,Free Express shipping,3SWXXXXXXXXX837,,,2025-08-11 05:05:58,2025-08-12 09:05:58,2025-08-13 21:05:58,2025-08-16 01:05:58,,,,
58bf8689fcbbae49,6b3fc7d78a4c,Ava Thompson,ava.thompson+9094@example.com,EE,Estonia,2,2025-08-11 14:26:34,2025-08-11 07:54:10,2025-08-11 16:49:30,,UPS Secured Shipping,VR7XXXXXXX3YP,,,2025-08-12 03:54:10,2025-08-13 15:54:10,2025-08-14 13:54:10,2025-08-18 06:54:10,,,,
23878c16c173c4bb,81cf655b702d,Daniel Smith,daniel.smith+180e@example.com,SE,Sweden,2,2025-08-11 14:26:28,2025-08-11 08:03:53,2025-08-11 16:48:10,2025-08-11 09:51:00,UPS Secured Shipping,003XXXXXXXXXXXXXX771,,,2025-08-11 17:03:53,2025-08-13 12:03:53,2025-08-15 03:03:53,2025-08-16 21:03:53,,,,
bcff6573481ced4b,e87856c4c23f,Michael Thomas,michael.thomas+92fb@example.com,AU,Australia,2,2025-08-11 14:26:27,2025-08-11 08:04:49,2025-08-11 16:37:41,2025-08-11 09:41:29,Australia Post Secured Shipping,34YXXXXXXXXXXXXXXXXX009,,,2025-08-11 10:04:49,2025-08-13 02:04:49,2025-08-15 00:04:49,2025-08-16 06:04:49,,,,
5bd79d1c75709e07,5be8d500f508,Ethan Jackson,ethan.jackson+cab1@example.com,QA,Qatar,3,2025-08-11 13:53:43,2025-08-02 14:30:41,2025-08-11 13:55:22,,Free Standard Shipping,YT2XXXXXXXXXXXX266,,,2025-08-03 03:30:41,2025-08-04 22:30:41,2025-08-05 23:30:41,2025-08-08 20:30:41,,,,
4db9ea3dde075f41,72a0a9bb0736,Michael Thomas,michael.thomas+d8cf@example.com,AE,United Arab Emirates,3,2025-08-11 13:53:43,2025-08-03 08:53:51,2025-08-11 13:54:25,,Free Standard Shipping,VR7XXXXXXX9YP,,,2025-08-04 01:53:51,2025-08-04 10:53:51,2025-08-06 23:53:51,2025-08-08 10:53:51,2025-08-05 06:53:51,,,
76ba4b2bb010d2b3,2b517b56b649,Liam White,liam.white+78dc@example.com,US,United States,2,2025-08-11 13:46:42,2025-08-10 22:19:19,2025-08-11 15:42:47,,Standard Delivery - US - USPS (5-8 business days),YT2XXXXXXXXXXXX059,,,2025-08-11 16:19:19,2025-08-12 18:19:19,2025-08-14 18:19:19,2025-08-16 06:19:19,,,,
113135edecb50da7,c071a966cad4,Benjamin Thompson,benjamin.thompson+2236@example.com,AU,Australia,2,2025-08-11 13:46:38,2025-08-11 07:07:23,2025-08-11 16:40:04,,Shipping,UK3XXXXXXX5YP,,,2025-08-11 18:07:23,2025-08-12 19:07:23,2025-08-14 11:07:23,2025-08-15 20:07:23,,,,
1238cc22d7404e77,b9d0062f6c87,James Lee,james.lee+ece4@example.com,US,United States,3,2025-08-11 13:46:36,2025-08-11 00:13:38,2025-08-11 14:59:43,,FREE Shipping!,YT2XXXXXXXXXXXX823,,,2025-08-11 19:13:38,2025-08-12 02:13:38,2025-08-14 17:13:38,2025-08-16 10:13:38,2025-08-13 02:13:38,,,
250f73737e76c4be,7309ddc5b2f1,Olivia Brown,olivia.brown+678e@example.com,US,United States,3,2025-08-11 13:46:35,2025-08-11 00:13:51,2025-08-11 14:59:43,,FREE Shipping!,YT2XXXXXXXXXXXX375,,,2025-08-11 18:13:51,2025-08-13 08:13:51,2025-08-14 17:13:51,2025-08-16 10:13:51,,,,2025-08-15 10:13:51
7acba4603c238977,2e1b1f114758,Lucas Thomas,lucas.thomas+8306@example.com,AU,Australia,2,2025-08-11 13:46:35,2025-08-11 07:07:34,2025-08-11 16:37:41,2025-08-11 09:41:29,Australia Post (Secured Shipping),34YXXXXXXXXXXXXXXXXX003,,,2025-08-11 10:07:34,2025-08-13 04:07:34,2025-08-15 06:07:34,2025-08-15 07:07:34,,,,
3eb78d227d838d86,941a96961180,Liam Rodriguez,liam.rodriguez+51a1@example.com,US,United States,2,2025-08-11 13:46:31,2025-08-10 23:06:35,2025-08-11 15:42:48,,Free tracked shipping (5-7 business days),YT2XXXXXXXXXXXX133,,,2025-08-11 17:06:35,2025-08-13 00:06:35,2025-08-14 00:06:35,2025-08-17 22:06:35,,,,
41fe3de44bd6ddba,199f28615e8e,Lucas Lee,lucas.lee+24c9@example.com,US,United States,2,2025-08-11 13:46:30,2025-08-10 23:06:35,2025-08-11 15:42:47,,Standard Delivery - US - USPS (5-8 business days),YT2XXXXXXXXXXXX015,,,2025-08-11 15:06:35,2025-08-13 20:06:35,2025-08-14 07:06:35,2025-08-16 10:06:35,,,,
d9eafd659c9ef65d,9f14fad85127,Evelyn Rodriguez,evelyn.rodriguez+e054@example.com,US,United States,2,2025-08-11 13:46:23,2025-08-10 23:06:35,2025-08-11 15:42:48,,Standard Delivery - US - USPS (5-8 business days),YT2XXXXXXXXXXXX331,,,2025-08-11 03:06:35,2025-08-13 16:06:35,2025-08-14 05:06:35,2025-08-17 17:06:35,,2025-08-13 05:06:35,,
363e2f1f90aca19b,762bfdf5988b,Ava Jackson,ava.jackson+cb60@example.com,US,United States,2,2025-08-11 13:46:23,2025-08-10 23:06:35,2025-08-11 15:42:46,,Free tracked shipping (5-7 business days),YT2XXXXXXXXXXXX056,,,2025-08-11 21:06:35,2025-08-12 12:06:35,2025-08-14 01:06:35,2025-08-16 21:06:35,,,,
35bef483356c8a24,1976aacc01b1,Henry Harris,henry.harris+e60e@example.com,US,United States,2,2025-08-11 13:46:19,2025-08-10 23:06:36,2025-08-11 15:42:47,,Standard Delivery - US - USPS (5-8 business days),YT2XXXXXXXXXXXX986,,,2025-08-11 02:06:36,2025-08-12 22:06:36,2025-08-14 00:06:36,2025-08-17 17:06:36,,,,
d57f54dacdf164b7,6afe15ffa154,Ethan Brown,ethan.brown+1657@example.com,CA,Canada,2,2025-08-11 13:46:18,2025-08-10 23:06:36,2025-08-11 15:41:22,2025-08-11 07:42:06,Free tracked shipping (5-7 business days),JY2XXXXXXXXXXXX519,,,2025-08-11 20:06:36,2025-08-11 23:06:36,2025-08-14 16:06:36,2025-08-16 23:06:36,,,,2025-08-14 15:06:36
a82e281d54366cb2,02da314d3355,Charlotte Hall,charlotte.hall+4630@example.com,US,United States,2,2025-08-11 13:46:18,2025-08-10 23:06:36,2025-08-11 15:42:48,,Standard Delivery - US - USPS (5-8 business days),YT2XXXXXXXXXXXX478,,,2025-08-11 09:06:36,2025-08-12 02:06:36,2025-08-13 23:06:36,2025-08-15 07:06:36,,,,
59ee26056a39e02c,1b7c0966651d,Ava Jackson,ava.jackson+3efb@example.com,US,United States,2,2025-08-11 13:46:16,2025-08-10 23:06:37,2025-08-11 15:42:48,,Free tracked shipping (5-7 business days),YT2XXXXXXXXXXXX349,,,2025-08-11 18:06:37,2025-08-13 05:06:37,2025-08-14 22:06:37,2025-08-17 20:06:37,,,,
8c6dbd983d0e34e6,5ae76beabaae,Evelyn Garcia,evelyn.garcia+a682@example.com,US,United States,2,2025-08-11 13:46:12,2025-08-10 23:06:37,2025-08-11 15:42:47,,Free tracked shipping (5-7 business days),YT2XXXXXXXXXXXX994,,,2025-08-11 10:06:37,2025-08-13 14:06:37,2025-08-14 20:06:37,2025-08-15 19:06:37,,,,
505b3dd97ceb4cd4,4a04d9d9b920,Daniel Lewis,daniel.lewis+f98f@example.com,US,United States,2,2025-08-11 13:46:09,2025-08-10 23:06:37,2025-08-11 15:42:47,,Standard Delivery - US - USPS (5-8 business days),YT2XXXXXXXXXXXX903,,,2025-08-11 06:06:37,2025-08-13 01:06:37,2025-08-14 04:06:37,2025-08-15 09:06:37,,,,
731cf29c4ecb9149,001ffa618c48,Olivia Thompson,olivia.thompson+d3ef@example.com,US,United States,2,2025-08-11 13:46:09,2025-08-10 23:06:38,2025-08-11 15:42:48,,Standard Delivery - US - USPS (5-8 business days),YT2XXXXXXXXXXXX521,,,2025-08-11 15:06:38,2025-08-11 23:06:38,2025-08-14 01:06:38,2025-08-17 18:06:38,,,,
c9d536fa1bfccf23,4f37f7f79630,Benjamin Thompson,benjamin.thompson+f55f@example.com,US,United States,2,2025-08-11 13:46:06,2025-08-10 23:06:38,2025-08-11 15:42:47,,Free tracked shipping (5-7 business days),YT2XXXXXXXXXXXX064,,,2025-08-11 20:06:38,2025-08-13 09:06:38,2025-08-14 06:06:38,2025-08-17 00:06:38,,,,
d958c5a7e2d3fe7e,dbdaaf805658,Lucas Martin,lucas.martin+1422@example.com,US,United States,2,2025-08-11 13:46:04,2025-08-10 23:06:38,2025-08-11 15:42:48,,Standard Delivery - US - USPS (5-8 business days),YT2XXXXXXXXXXXX356,,,2025-08-11 14:06:38,2025-08-13 18:06:38,2025-08-14 00:06:38,2025-08-17 13:06:38,,,,
6b3dff87cbb51a88,1b2f155d294a,James Thomas,james.thomas+f205@example.com,AU,Australia,2,2025-08-11 13:46:04,2025-08-10 23:06:39,2025-08-11 15:40:16,,Standard Delivery - AU - Australia Post (5-8 business days),UK3XXXXXXX3YP,,,2025-08-11 04:06:39,2025-08-12 17:06:39,2025-08-14 17:06:39,2025-08-16 04:06:39,,2025-08-13 17:06:39,,
e825d37af6bdcb0b,ba00b33603b0,Lucas Martin,lucas.martin+44b2@example.com,US,United States,2,2025-08-11 13:45:57,2025-08-10 23:06:39,2025-08-11 15:42:47,,Standard Delivery - US - USPS (5-8 business days),YT2XXXXXXXXXXXX983,,,2025-08-11 12:06:39,2025-08-13 12:06:39,2025-08-14 13:06:39,2025-08-15 22:06:39,,,,
d0c4a42b905c1280,8c09db1c35e1,Amelia Lewis,amelia.lewis+9f1e@example.com,SG,Singapore,2,2025-08-11 13:45:54,2025-08-10 23:06:39,2025-08-11 15:43:41,,Free Standard Shipping (5-8 business days),YT2XXXXXXXXXXXX049,,,2025-08-11 19:06:39,2025-08-13 09:06:39,2025-08-14 12:06:39,2025-08-17 00:06:39,,,,
aa0e58519696f4a9,b2a9e6a31ab1,Olivia Jackson,olivia.jackson+30b6@example.com,AU,Australia,2,2025-08-11 13:45:53,2025-08-10 23:06:39,2025-08-11 15:40:17,,Standard Delivery - AU - Australia Post (5-8 business days),UK3XXXXXXX4YP,,,2025-08-11 07:06:39,2025-08-12 04:06:39,2025-08-14 11:06:39,2025-08-16 18:06:39,,,,2025-08-15 07:06:39
93f4aa61cd00715f,f99a63b5db6d,Liam Taylor,liam.taylor+3aea@example.com,US,United States,2,2025-08-11 13:45:49,2025-08-10 23:06:40,2025-08-11 15:42:48,,Standard Delivery - US - USPS (5-8 business days),YT2XXXXXXXXXXXX395,,,2025-08-11 11:06:40,2025-08-13 05:06:40,2025-08-14 19:06:40,2025-08-15 12:06:40,,,,
aa66733b299c0c56,9ed963f907f9,Ethan Walker,ethan.walker+f485@example.com,US,United States,2,2025-08-11 13:45:47,2025-08-10 23:06:39,2025-08-11 15:42:48,,Free tracked shipping (5-7 business days),YT2XXXXXXXXXXXX960,,,2025-08-11 09:06:39,2025-08-13 05:06:39,2025-08-14 17:06:39,2025-08-15 21:06:39,,,,
c0d15feec73dee1c,6eb79239ad7d,Sophia Martinez,sophia.martinez+ecbf@example.com,US,United States,2,2025-08-11 13:45:45,2025-08-10 23:06:40,2025-08-11 15:42:48,,Standard Delivery - US - USPS (5-8 business days),YT2XXXXXXXXXXXX502,,,2025-08-11 08:06:40,2025-08-12 05:06:40,2025-08-14 06:06:40,2025-08-16 19:06:40,,,,
5aae06685b78283d,e855a4c114af,James Lee,james.lee+66d3@example.com,US,United States,2,2025-08-11 13:45:43,2025-08-10 23:06:40,2025-08-11 15:42:47,,Standard Delivery - US - USPS (5-8 business days),YT2XXXXXXXXXXXX895,,,2025-08-11 04:06:40,2025-08-12 20:06:40,2025-08-14 09:06:40,2025-08-17 16:06:40,,,,
12c185e968a881b3,ad9c47f216f0,Daniel Martinez,daniel.martinez+6e2f@example.com,US,United States,2,2025-08-11 13:45:40,2025-08-10 23:06:41,2025-08-11 15:42:48,,Free tracked shipping (5-7 business days),YT2XXXXXXXXXXXX364,,,2025-08-10 23:06:41,2025-08-13 11:06:41,2025-08-14 07:06:41,2025-08-17 10:06:41,,,,
bde912bb489f0910,1016b988663f,James Martin,james.martin+fa7a@example.com,US,United States,2,2025-08-11 13:45:39,2025-08-10 23:06:41,2025-08-11 15:42:47,,Standard Delivery - US - USPS (5-8 business days),YT2XXXXXXXXXXXX937,,,2025-08-11 02:06:41,2025-08-12 11:06:41,2025-08-14 10:06:41,2025-08-16 07:06:41,,,,
4dbc0f4622fcd6e2,670953974c19,Mia Hall,mia.hall+2ce2@example.com,US,United States,2,2025-08-11 13:45:35,2025-08-10 23:06:41,2025-08-11 15:42:48,,Standard Delivery - US - USPS (5-8 business days),YT2XXXXXXXXXXXX430,,,2025-08-11 15:06:41,2025-08-13 13:06:41,2025-08-14 11:06:41,2025-08-17 09:06:41,,,,
1c76b5a93b92e598,ec3de0ef7f80,Ethan Brown,ethan.brown+b824@example.com,US,United States,2,2025-08-11 13:45:31,2025-08-10 23:06:41,2025-08-11 15:42:47,,Standard Delivery - US - USPS (5-8 business days),YT2XXXXXXXXXXXX034,,,2025-08-11 11:06:41,2025-08-12 05:06:41,2025-08-14 19:06:41,2025-08-15 13:06:41,,,,
95d9fc7a5f0927f4,e8bdceb959e5,Olivia Jackson,olivia.jackson+60e8@example.com,US,United States,2,2025-08-11 13:45:28,2025-08-10 23:06:41,2025-08-11 15:42:48,,Standard Delivery - US - USPS (5-8 business days),YT2XXXXXXXXXXXX372,,,2025-08-11 02:06:41,2025-08-12 17:06:41,2025-08-14 04:06:41,2025-08-17 08:06:41,,,,
0c6657a958b2c264,6ded88a50d25,James Martin,james.martin+1057@example.com,US,United States,2,2025-08-11 13:45:25,2025-08-10 23:06:42,2025-08-11 15:42:47,,Standard Delivery - US - USPS (5-8 business days),YT2XXXXXXXXXXXX991,,,2025-08-11 02:06:42,2025-08-12 18:06:42,2025-08-14 12:06:42,2025-08-16 00:06:42,,,,
ef08d8e5c6f71065,388c96e9a11c,Lucas Martin,lucas.martin+6f4f@example.com,US,United States,2,2025-08-11 13:45:24,2025-08-10 23:06:41,2025-08-11 15:42:47,,Free tracked shipping (5-7 business days),YT2XXXXXXXXXXXX130,,,2025-08-11 02:06:41,2025-08-12 21:06:41,2025-08-14 04:06:41,2025-08-14 23:06:41,,,,
9a5de5bc6e77d209,bbbc63ca034c,Jack Robinson,jack.robinson+29f4@example.com,US,United States,2,2025-08-11 13:45:22,2025-08-10 23:06:43,2025-08-11 15:42:47,,Standard Delivery - US - USPS (5-8 business days),YT2XXXXXXXXXXXX042,,,2025-08-11 00:06:43,2025-08-12 13:06:43,2025-08-14 05:06:43,2025-08-17 11:06:43,,,,
93a126abed35067b,af5e8dc1e868,Benjamin Walker,benjamin.walker+172a@example.com,US,United States,2,2025-08-11 13:45:21,2025-08-10 23:06:42,2025-08-11 15:42:48,,Standard Delivery - US - USPS (5-8 business days),YT2XXXXXXXXXXXX380,,,2025-08-11 09:06:42,2025-08-12 12:06:42,2025-08-14 19:06:42,2025-08-15 09:06:42,,,,